{"stat.walkOneCm":12684,"stat.leaveGame":1,"stat.mineBlock.ebwizardry.crystal_flower":4,"stat.useItem.minecraft.log":1,"stat.damageTaken":240,"stat.pickup.minecraft.leather":2,"stat.mineBlock.minecraft.yellow_flower":1,"stat.mineBlock.twilightforest.twilight_plant":1,"stat.pickup.twilightforest.raw_venison":2,"stat.mobKills":1,"stat.pickup.ebwizardry.crystal_flower":4,"stat.mineBlock.minecraft.log":2,"stat.pickup.minecraft.log":2,"stat.flyOneCm":45844,"stat.deaths":1,"stat.drop.minecraft.bedrock":3,"stat.pickup.minecraft.wheat_seeds":1,"stat.drop":7,"stat.pickup.minecraft.diamond":3,"stat.jump":148,"stat.swimOneCm":860,"stat.pickup.minecraft.bedrock":3,"stat.playOneMinute":6029,"stat.fallOneCm":2624,"stat.drop.minecraft.wheat_seeds":1,"stat.sneakTime":188,"stat.damageDealt":170,"stat.crouchOneCm":187,"stat.timeSinceDeath":5215,"stat.killEntity.twilightforest.deer":1,"stat.pickup.minecraft.dirt":3,"stat.pickup.minecraft.yellow_flower":1,"stat.sprintOneCm":14345,"stat.mineBlock.minecraft.dirt":4,"stat.drop.minecraft.diamond":3,"stat.useItem.minecraft.stone_slab2":5,"stat.mineBlock.minecraft.tallgrass":12,"stat.diveOneCm":9089}