{"stat.walkOneCm":16652,"stat.leaveGame":3,"stat.mineBlock.ebwizardry.crystal_flower":4,"stat.useItem.minecraft.log":1,"stat.mineBlock.minecraft.yellow_flower":1,"stat.mineBlock.twilightforest.twilight_plant":1,"stat.pickup.minecraft.log":2,"stat.drop.minecraft.bedrock":5,"stat.jump":178,"stat.swimOneCm":1212,"stat.pickup.minecraft.bedrock":5,"stat.fallOneCm":2624,"stat.crouchOneCm":187,"stat.killEntity.twilightforest.deer":1,"stat.pickup.minecraft.dirt":3,"stat.sprintOneCm":17185,"stat.useItem.minecraft.stone_slab2":22,"stat.useItem.minecraft.water_bucket":2,"stat.damageTaken":240,"stat.pickup.minecraft.leather":2,"stat.pickup.twilightforest.raw_venison":2,"stat.mobKills":1,"stat.pickup.ebwizardry.crystal_flower":4,"stat.mineBlock.minecraft.log":2,"stat.flyOneCm":74928,"stat.deaths":1,"stat.pickup.minecraft.wheat_seeds":1,"stat.drop":9,"stat.pickup.minecraft.diamond":3,"stat.playOneMinute":11036,"stat.drop.minecraft.wheat_seeds":1,"stat.sneakTime":188,"stat.damageDealt":180,"stat.timeSinceDeath":10222,"stat.pickup.minecraft.yellow_flower":1,"stat.mineBlock.minecraft.dirt":4,"stat.drop.minecraft.diamond":3,"stat.mineBlock.minecraft.tallgrass":12,"stat.diveOneCm":9089}